filename,name,description
00001.png,Hoàng An,"77 Điện Biên Phủ, Quận 1, Đà Nẵng"
00002.png,Đỗ Minh,"96 Pasteur, Quận 10, Đà Nẵng"
00003.png,Nguyễn Linh,"266 Phan Xích Long, Quận 7, Đà Nẵng"
00004.png,Hoàng Hà,"71 Nguyễn Văn Linh, Quận 1, Biên Hòa"
00005.png,Bùi Trang,"201 Hai Bà Trưng, Quận 7, Hà Nội"
00006.png,Phạm Nam,"73 Điện Biên Phủ, Quận 10, Cần Thơ"
00007.png,Lê Sơn,"214 Pasteur, Quận 10, Đà Nẵng"
00008.png,Vũ Hưng,"146 Trần Hưng Đạo, Thủ Đức, Đà Nẵng"
00009.png,Trần Minh,"60 Cách Mạng Tháng 8, Quận 10, Đà Nẵng"
00010.png,Trần Khánh,"100 Lê Lợi, Quận 5, Biên Hòa"
00011.png,Vũ Thảo,"193 Điện Biên Phủ, Quận 5, Đà Nẵng"
00012.png,Phan Trang,"296 Điện Biên Phủ, Quận 10, Hà Nội"
00013.png,Vũ Hải,"100 Hai Bà Trưng, Quận 7, Cần Thơ"
00014.png,Nguyễn Minh,"64 Cách Mạng Tháng 8, Quận 7, Cần Thơ"
00015.png,Đặng Sơn,"256 Lê Lợi, Quận 5, Cần Thơ"
00016.png,Phạm Bình,"259 Pasteur, Quận 5, Biên Hòa"
00017.png,Đặng Dương,"94 Cách Mạng Tháng 8, Quận 1, Đà Nẵng"
00018.png,Bùi Quang,"218 Võ Văn Tần, Quận 5, TP.HCM"
00019.png,Bùi Hải,"237 Pasteur, Quận 1, TP.HCM"
00020.png,Bùi Khánh,"101 Cách Mạng Tháng 8, Thủ Đức, Cần Thơ"
00021.png,Nguyễn Phúc,"135 Điện Biên Phủ, Quận 3, TP.HCM"
00022.png,Phạm Linh,"281 Nguyễn Văn Linh, Quận 3, TP.HCM"
00023.png,Phan Chi,"251 Điện Biên Phủ, Quận 1, Cần Thơ"
00024.png,Nguyễn Linh,"147 Điện Biên Phủ, Quận 7, Cần Thơ"
00025.png,Lê Hải,"64 Điện Biên Phủ, Quận 5, Hà Nội"
00026.png,Bùi Quang,"79 Cách Mạng Tháng 8, Quận 7, Hà Nội"
00027.png,Hoàng Nam,"183 Pasteur, Quận 3, Hà Nội"
00028.png,Bùi Vy,"272 Hai Bà Trưng, Quận 3, Cần Thơ"
00029.png,Đỗ Chi,"296 Trần Hưng Đạo, Thủ Đức, Cần Thơ"
00030.png,Bùi Phúc,"98 Lê Lợi, Quận 5, Hà Nội"
00031.png,Phan Vy,"198 Võ Văn Tần, Thủ Đức, TP.HCM"
00032.png,Phan Tuấn,"239 Trần Hưng Đạo, Thủ Đức, TP.HCM"
00033.png,Trần Hải,"99 Pasteur, Quận 5, Cần Thơ"
00034.png,Phan Phúc,"29 Nguyễn Văn Linh, Quận 5, TP.HCM"
00035.png,Đặng Chi,"167 Lê Lợi, Quận 3, TP.HCM"
00036.png,Phạm Bình,"42 Cách Mạng Tháng 8, Quận 1, Cần Thơ"
00037.png,Đỗ An,"263 Nguyễn Văn Linh, Quận 3, Hà Nội"
00038.png,Trần Linh,"244 Võ Văn Tần, Quận 10, Đà Nẵng"
00039.png,Lê Hải,"239 Nguyễn Trãi, Quận 3, Đà Nẵng"
00040.png,Đặng Hải,"183 Hai Bà Trưng, Quận 5, Hà Nội"
00041.png,Bùi Nam,"196 Lê Lợi, Thủ Đức, Đà Nẵng"
00042.png,Đỗ Minh,"28 Võ Văn Tần, Quận 5, TP.HCM"
00043.png,Lê Phúc,"230 Nguyễn Trãi, Quận 3, Hà Nội"
00044.png,Nguyễn Thảo,"66 Nguyễn Trãi, Quận 10, Cần Thơ"
00045.png,Phan Phúc,"210 Võ Văn Tần, Quận 1, Hà Nội"
00046.png,Đặng Quang,"227 Võ Văn Tần, Quận 10, TP.HCM"
00047.png,Trần An,"204 Nguyễn Văn Linh, Quận 10, Biên Hòa"
00048.png,Lê Hải,"239 Trần Hưng Đạo, Quận 7, Đà Nẵng"
00049.png,Vũ Hưng,"14 Võ Văn Tần, Quận 10, Biên Hòa"
00050.png,Hoàng Hà,"96 Phan Xích Long, Quận 3, Cần Thơ"
00051.png,Đỗ An,"267 Cách Mạng Tháng 8, Thủ Đức, Hà Nội"
00052.png,Phạm Khánh,"215 Phan Xích Long, Thủ Đức, Biên Hòa"
00053.png,Vũ Hưng,"143 Lê Lợi, Thủ Đức, Hà Nội"
00054.png,Phạm Khánh,"144 Trần Hưng Đạo, Quận 3, Cần Thơ"
00055.png,Phạm Hải,"88 Hai Bà Trưng, Quận 1, TP.HCM"
00056.png,Phan Sơn,"127 Pasteur, Quận 5, TP.HCM"
00057.png,Trần Sơn,"76 Phan Xích Long, Quận 3, Đà Nẵng"
00058.png,Phạm Phúc,"281 Lê Lợi, Quận 7, Hà Nội"
00059.png,Vũ Chi,"119 Pasteur, Quận 1, Cần Thơ"
00060.png,Vũ Hà,"31 Trần Hưng Đạo, Quận 10, Hà Nội"
00061.png,Đặng Hưng,"32 Nguyễn Văn Linh, Quận 5, Đà Nẵng"
00062.png,Hoàng An,"26 Nguyễn Trãi, Quận 7, Cần Thơ"
00063.png,Hoàng Nam,"119 Nguyễn Văn Linh, Quận 1, Hà Nội"
00064.png,Trần Quang,"54 Điện Biên Phủ, Thủ Đức, Biên Hòa"
00065.png,Phan Thảo,"121 Phan Xích Long, Quận 3, Biên Hòa"
00066.png,Đặng Hưng,"141 Nguyễn Văn Linh, Quận 10, Đà Nẵng"
00067.png,Phạm Hà,"196 Trần Hưng Đạo, Quận 5, Cần Thơ"
00068.png,Hoàng Chi,"194 Điện Biên Phủ, Quận 10, Biên Hòa"
00069.png,Nguyễn Phúc,"173 Cách Mạng Tháng 8, Thủ Đức, TP.HCM"
00070.png,Nguyễn Phúc,"83 Nguyễn Trãi, Quận 3, Hà Nội"
00071.png,Đỗ Chi,"110 Pasteur, Quận 3, Biên Hòa"
00072.png,Bùi Trang,"262 Pasteur, Quận 7, Hà Nội"
00073.png,Đỗ Hà,"154 Võ Văn Tần, Quận 10, Đà Nẵng"
00074.png,Phan Bình,"271 Cách Mạng Tháng 8, Quận 5, Cần Thơ"
00075.png,Phạm Khánh,"28 Cách Mạng Tháng 8, Quận 10, Biên Hòa"
00076.png,Vũ Chi,"289 Trần Hưng Đạo, Quận 1, Biên Hòa"
00077.png,Phạm Tuấn,"99 Nguyễn Trãi, Quận 3, Đà Nẵng"
00078.png,Hoàng Sơn,"166 Điện Biên Phủ, Quận 1, Hà Nội"
00079.png,Hoàng Sơn,"257 Võ Văn Tần, Quận 3, Biên Hòa"
00080.png,Hoàng Tuấn,"70 Phan Xích Long, Quận 3, Cần Thơ"
00081.png,Bùi Bình,"238 Phan Xích Long, Quận 1, Đà Nẵng"
00082.png,Trần Vy,"11 Trần Hưng Đạo, Thủ Đức, Biên Hòa"
00083.png,Đỗ Linh,"107 Phan Xích Long, Quận 1, Hà Nội"
00084.png,Hoàng Trang,"78 Phan Xích Long, Quận 5, Hà Nội"
00085.png,Phan An,"93 Nguyễn Trãi, Quận 3, Hà Nội"
00086.png,Vũ Hà,"66 Nguyễn Văn Linh, Quận 3, Đà Nẵng"
00087.png,Đỗ Vy,"197 Nguyễn Trãi, Quận 7, Hà Nội"
00088.png,Bùi Sơn,"136 Trần Hưng Đạo, Quận 3, Cần Thơ"
00089.png,Bùi Hải,"189 Nguyễn Trãi, Quận 10, Đà Nẵng"
00090.png,Phan Nam,"107 Pasteur, Quận 5, Biên Hòa"
00091.png,Hoàng Linh,"280 Lê Lợi, Quận 10, Đà Nẵng"
00092.png,Bùi Hưng,"90 Phan Xích Long, Quận 1, Đà Nẵng"
00093.png,Bùi Bình,"80 Võ Văn Tần, Quận 3, Biên Hòa"
00094.png,Phạm Nam,"295 Nguyễn Văn Linh, Quận 5, Cần Thơ"
00095.png,Nguyễn Hưng,"103 Hai Bà Trưng, Quận 7, Hà Nội"
00096.png,Trần An,"233 Phan Xích Long, Quận 3, Biên Hòa"
00097.png,Phạm Hưng,"208 Pasteur, Quận 5, Biên Hòa"
00098.png,Bùi Trang,"184 Cách Mạng Tháng 8, Quận 10, Biên Hòa"
00099.png,Phạm Dương,"146 Võ Văn Tần, Thủ Đức, TP.HCM"
00100.png,Phan Khánh,"94 Cách Mạng Tháng 8, Quận 5, Biên Hòa"
00101.png,Đỗ Tuấn,"288 Hai Bà Trưng, Quận 7, Biên Hòa"
00102.png,Phạm Linh,"217 Võ Văn Tần, Quận 5, TP.HCM"
00103.png,Phan Nam,"219 Cách Mạng Tháng 8, Quận 1, Biên Hòa"
00104.png,Phạm Hà,"151 Nguyễn Văn Linh, Quận 1, Đà Nẵng"
00105.png,Lê An,"206 Lê Lợi, Quận 7, TP.HCM"
00106.png,Đỗ Sơn,"59 Cách Mạng Tháng 8, Thủ Đức, Cần Thơ"
00107.png,Phạm Sơn,"144 Phan Xích Long, Quận 1, Đà Nẵng"
00108.png,Nguyễn Phúc,"253 Phan Xích Long, Quận 3, Hà Nội"
00109.png,Đỗ An,"222 Võ Văn Tần, Quận 10, Hà Nội"
00110.png,Bùi Hà,"299 Trần Hưng Đạo, Quận 1, Biên Hòa"
00111.png,Phan Thảo,"116 Pasteur, Quận 5, Đà Nẵng"
00112.png,Nguyễn Trang,"192 Võ Văn Tần, Quận 3, Cần Thơ"
00113.png,Bùi Tuấn,"231 Cách Mạng Tháng 8, Quận 10, Biên Hòa"
00114.png,Hoàng Bình,"114 Pasteur, Thủ Đức, Cần Thơ"
00115.png,Bùi Sơn,"98 Trần Hưng Đạo, Quận 5, Biên Hòa"
00116.png,Vũ An,"295 Hai Bà Trưng, Thủ Đức, Biên Hòa"
00117.png,Phạm Minh,"62 Nguyễn Trãi, Quận 10, Biên Hòa"
00118.png,Bùi Quang,"133 Trần Hưng Đạo, Quận 5, Cần Thơ"
00119.png,Nguyễn An,"155 Lê Lợi, Quận 3, TP.HCM"
00120.png,Vũ Khánh,"82 Lê Lợi, Quận 5, Cần Thơ"
00121.png,Hoàng Nam,"286 Hai Bà Trưng, Quận 1, Đà Nẵng"
00122.png,Bùi Sơn,"144 Điện Biên Phủ, Quận 5, TP.HCM"
00123.png,Phạm Phúc,"38 Trần Hưng Đạo, Quận 3, Biên Hòa"
00124.png,Trần Vy,"60 Nguyễn Trãi, Quận 5, Biên Hòa"
00125.png,Trần Hà,"122 Trần Hưng Đạo, Quận 3, TP.HCM"
00126.png,Nguyễn Hải,"118 Hai Bà Trưng, Quận 5, Đà Nẵng"
00127.png,Hoàng Quang,"47 Phan Xích Long, Quận 3, Đà Nẵng"
00128.png,Trần An,"217 Nguyễn Văn Linh, Quận 1, Đà Nẵng"
00129.png,Phan Thảo,"299 Nguyễn Trãi, Thủ Đức, Biên Hòa"
00130.png,Đỗ Phúc,"206 Hai Bà Trưng, Quận 10, TP.HCM"
00131.png,Đặng Thảo,"182 Pasteur, Quận 3, TP.HCM"
00132.png,Trần Hưng,"77 Cách Mạng Tháng 8, Quận 7, Cần Thơ"
00133.png,Đặng Phúc,"178 Hai Bà Trưng, Quận 3, Biên Hòa"
00134.png,Trần Hà,"257 Hai Bà Trưng, Quận 3, Đà Nẵng"
00135.png,Vũ Hà,"80 Phan Xích Long, Quận 3, Cần Thơ"
00136.png,Phạm Chi,"113 Phan Xích Long, Quận 7, Biên Hòa"
00137.png,Đặng Chi,"109 Võ Văn Tần, Quận 7, Đà Nẵng"
00138.png,Nguyễn Quang,"213 Hai Bà Trưng, Quận 3, Cần Thơ"
00139.png,Phạm Hải,"207 Điện Biên Phủ, Thủ Đức, Đà Nẵng"
00140.png,Vũ Hưng,"16 Nguyễn Trãi, Quận 5, TP.HCM"
00141.png,Trần Hưng,"175 Trần Hưng Đạo, Quận 10, Hà Nội"
00142.png,Hoàng Sơn,"177 Võ Văn Tần, Quận 10, Đà Nẵng"
00143.png,Trần Linh,"109 Hai Bà Trưng, Quận 7, Đà Nẵng"
00144.png,Đỗ Minh,"195 Cách Mạng Tháng 8, Thủ Đức, Cần Thơ"
00145.png,Phan Hải,"206 Nguyễn Văn Linh, Quận 10, TP.HCM"
00146.png,Hoàng Dương,"92 Cách Mạng Tháng 8, Quận 7, Đà Nẵng"
00147.png,Hoàng Vy,"298 Cách Mạng Tháng 8, Quận 10, Cần Thơ"
00148.png,Hoàng Thảo,"74 Pasteur, Quận 3, Biên Hòa"
00149.png,Hoàng Bình,"219 Hai Bà Trưng, Quận 1, Cần Thơ"
00150.png,Vũ Nam,"201 Phan Xích Long, Quận 3, Cần Thơ"
00151.png,Vũ Minh,"119 Điện Biên Phủ, Quận 5, TP.HCM"
00152.png,Lê Vy,"236 Điện Biên Phủ, Thủ Đức, Đà Nẵng"
00153.png,Bùi Quang,"79 Cách Mạng Tháng 8, Quận 10, Đà Nẵng"
00154.png,Lê Thảo,"215 Cách Mạng Tháng 8, Quận 7, Cần Thơ"
00155.png,Nguyễn Khánh,"32 Võ Văn Tần, Quận 5, Cần Thơ"
00156.png,Vũ Trang,"115 Hai Bà Trưng, Quận 5, TP.HCM"
00157.png,Đỗ Hà,"286 Võ Văn Tần, Quận 3, Đà Nẵng"
00158.png,Đỗ Tuấn,"294 Nguyễn Trãi, Quận 10, Đà Nẵng"
00159.png,Phan Nam,"163 Điện Biên Phủ, Quận 3, Cần Thơ"
00160.png,Nguyễn Chi,"20 Trần Hưng Đạo, Thủ Đức, Biên Hòa"
00161.png,Trần Chi,"183 Cách Mạng Tháng 8, Quận 5, Cần Thơ"
00162.png,Phạm Quang,"145 Phan Xích Long, Quận 1, TP.HCM"
00163.png,Đỗ Hà,"127 Hai Bà Trưng, Quận 1, Biên Hòa"
00164.png,Hoàng Linh,"267 Nguyễn Trãi, Quận 3, Đà Nẵng"
00165.png,Hoàng Quang,"111 Phan Xích Long, Quận 5, Cần Thơ"
00166.png,Đỗ Hưng,"294 Lê Lợi, Quận 5, Cần Thơ"
00167.png,Đặng Chi,"283 Trần Hưng Đạo, Quận 1, Biên Hòa"
00168.png,Đặng Bình,"16 Võ Văn Tần, Quận 1, Hà Nội"
00169.png,Lê Phúc,"158 Võ Văn Tần, Quận 10, Cần Thơ"
00170.png,Lê Nam,"245 Cách Mạng Tháng 8, Quận 3, Biên Hòa"
00171.png,Lê Minh,"127 Nguyễn Trãi, Quận 1, TP.HCM"
00172.png,Hoàng Quang,"39 Hai Bà Trưng, Quận 7, Cần Thơ"
00173.png,Lê Thảo,"129 Hai Bà Trưng, Quận 5, Cần Thơ"
00174.png,Phạm Phúc,"32 Nguyễn Trãi, Quận 5, Đà Nẵng"
00175.png,Nguyễn An,"250 Nguyễn Trãi, Quận 7, Đà Nẵng"
00176.png,Trần Nam,"71 Pasteur, Quận 3, Cần Thơ"
00177.png,Hoàng Khánh,"30 Pasteur, Quận 1, TP.HCM"
00178.png,Hoàng Chi,"51 Pasteur, Quận 7, Đà Nẵng"
00179.png,Hoàng Quang,"166 Lê Lợi, Quận 3, Cần Thơ"
00180.png,Đặng Minh,"245 Phan Xích Long, Quận 3, Hà Nội"
00181.png,Hoàng Hải,"168 Phan Xích Long, Thủ Đức, TP.HCM"
00182.png,Lê Minh,"51 Võ Văn Tần, Quận 5, TP.HCM"
00183.png,Phan Hà,"176 Trần Hưng Đạo, Quận 5, TP.HCM"
00184.png,Trần Thảo,"36 Phan Xích Long, Quận 5, Hà Nội"
00185.png,Phạm Hưng,"23 Trần Hưng Đạo, Quận 7, Đà Nẵng"
00186.png,Trần Hải,"220 Hai Bà Trưng, Quận 3, Hà Nội"
00187.png,Phan Trang,"257 Phan Xích Long, Thủ Đức, Hà Nội"
00188.png,Phạm Sơn,"158 Phan Xích Long, Quận 10, TP.HCM"
00189.png,Đặng Minh,"275 Pasteur, Quận 3, Hà Nội"
00190.png,Trần Hưng,"284 Phan Xích Long, Thủ Đức, Cần Thơ"
00191.png,Bùi Hải,"37 Võ Văn Tần, Quận 3, Hà Nội"
00192.png,Vũ Linh,"165 Cách Mạng Tháng 8, Quận 5, TP.HCM"
00193.png,Trần Chi,"30 Điện Biên Phủ, Quận 1, TP.HCM"
00194.png,Nguyễn Nam,"133 Cách Mạng Tháng 8, Quận 10, TP.HCM"
00195.png,Đỗ Hải,"87 Nguyễn Trãi, Quận 5, TP.HCM"
00196.png,Vũ Thảo,"291 Hai Bà Trưng, Quận 3, TP.HCM"
00197.png,Đỗ Thảo,"220 Phan Xích Long, Quận 7, Cần Thơ"
00198.png,Trần Hà,"84 Điện Biên Phủ, Quận 10, TP.HCM"
00199.png,Nguyễn Trang,"151 Hai Bà Trưng, Quận 5, Đà Nẵng"
00200.png,Vũ Hải,"263 Nguyễn Trãi, Thủ Đức, Đà Nẵng"
00201.png,Trần Bình,"254 Võ Văn Tần, Thủ Đức, TP.HCM"
00202.png,Phạm Phúc,"105 Lê Lợi, Thủ Đức, Đà Nẵng"
00203.png,Đặng Hưng,"89 Trần Hưng Đạo, Quận 1, Hà Nội"
00204.png,Vũ An,"19 Trần Hưng Đạo, Quận 7, Đà Nẵng"
00205.png,Vũ Quang,"193 Nguyễn Văn Linh, Thủ Đức, Đà Nẵng"
00206.png,Phạm Hà,"68 Phan Xích Long, Quận 1, TP.HCM"
00207.png,Lê Thảo,"244 Pasteur, Quận 1, TP.HCM"
00208.png,Phạm Nam,"171 Trần Hưng Đạo, Quận 1, Đà Nẵng"
00209.png,Bùi Khánh,"185 Võ Văn Tần, Quận 1, Cần Thơ"
00210.png,Phạm Chi,"218 Trần Hưng Đạo, Quận 5, TP.HCM"
00211.png,Trần Sơn,"195 Nguyễn Trãi, Quận 10, Đà Nẵng"
00212.png,Phan Chi,"147 Pasteur, Quận 1, Đà Nẵng"
00213.png,Phạm Thảo,"19 Võ Văn Tần, Quận 5, Đà Nẵng"
00214.png,Đỗ Hải,"34 Phan Xích Long, Quận 7, Hà Nội"
00215.png,Đặng Dương,"93 Nguyễn Văn Linh, Quận 5, Đà Nẵng"
00216.png,Đặng Hải,"212 Cách Mạng Tháng 8, Quận 3, Đà Nẵng"
00217.png,Hoàng Nam,"208 Trần Hưng Đạo, Thủ Đức, Đà Nẵng"
00218.png,Phạm Thảo,"14 Phan Xích Long, Quận 10, Đà Nẵng"
00219.png,Vũ Phúc,"262 Phan Xích Long, Quận 5, Đà Nẵng"
00220.png,Đặng Minh,"212 Pasteur, Quận 3, Đà Nẵng"
00221.png,Bùi Dương,"112 Nguyễn Văn Linh, Thủ Đức, TP.HCM"
00222.png,Vũ Dương,"24 Nguyễn Văn Linh, Quận 1, Hà Nội"
00223.png,Lê Sơn,"288 Điện Biên Phủ, Quận 1, Cần Thơ"
00224.png,Trần Thảo,"142 Nguyễn Trãi, Quận 1, TP.HCM"
00225.png,Phạm Linh,"286 Nguyễn Văn Linh, Thủ Đức, Biên Hòa"
00226.png,Đỗ Tuấn,"28 Phan Xích Long, Thủ Đức, Đà Nẵng"
00227.png,Hoàng Thảo,"169 Nguyễn Trãi, Quận 5, Cần Thơ"
00228.png,Nguyễn Nam,"238 Pasteur, Quận 1, Hà Nội"
00229.png,Bùi Vy,"104 Nguyễn Trãi, Quận 7, Đà Nẵng"
00230.png,Lê Chi,"217 Nguyễn Trãi, Quận 5, Đà Nẵng"
00231.png,Lê Trang,"159 Điện Biên Phủ, Quận 1, Cần Thơ"
00232.png,Đỗ Hải,"177 Nguyễn Trãi, Quận 3, TP.HCM"
00233.png,Nguyễn Linh,"164 Điện Biên Phủ, Quận 7, Đà Nẵng"
00234.png,Bùi Thảo,"43 Pasteur, Quận 7, Cần Thơ"
00235.png,Nguyễn Phúc,"28 Điện Biên Phủ, Quận 1, Biên Hòa"
00236.png,Vũ An,"128 Lê Lợi, Thủ Đức, Đà Nẵng"
00237.png,Trần Sơn,"63 Trần Hưng Đạo, Quận 5, Biên Hòa"
00238.png,Phan Phúc,"179 Pasteur, Quận 5, Biên Hòa"
00239.png,Lê Tuấn,"21 Pasteur, Quận 5, Cần Thơ"
00240.png,Trần Hải,"31 Lê Lợi, Quận 3, Hà Nội"
00241.png,Lê Linh,"66 Pasteur, Quận 10, Biên Hòa"
00242.png,Hoàng Minh,"277 Trần Hưng Đạo, Quận 3, Hà Nội"
00243.png,Đặng Nam,"176 Điện Biên Phủ, Quận 10, TP.HCM"
00244.png,Bùi Vy,"196 Cách Mạng Tháng 8, Quận 7, Hà Nội"
00245.png,Bùi Minh,"254 Phan Xích Long, Quận 10, Biên Hòa"
00246.png,Đỗ An,"29 Nguyễn Văn Linh, Quận 3, Cần Thơ"
00247.png,Hoàng Vy,"206 Cách Mạng Tháng 8, Quận 5, Biên Hòa"
00248.png,Hoàng Khánh,"87 Nguyễn Văn Linh, Quận 7, Biên Hòa"
00249.png,Bùi Phúc,"44 Pasteur, Quận 3, Biên Hòa"
00250.png,Nguyễn Hà,"154 Nguyễn Văn Linh, Thủ Đức, Biên Hòa"
00251.png,Bùi Bình,"17 Trần Hưng Đạo, Quận 1, Đà Nẵng"
00252.png,Nguyễn Dương,"86 Trần Hưng Đạo, Quận 10, Biên Hòa"
00253.png,Nguyễn Hưng,"190 Phan Xích Long, Thủ Đức, Đà Nẵng"
00254.png,Đặng Sơn,"105 Hai Bà Trưng, Quận 10, Hà Nội"
00255.png,Phạm Phúc,"69 Võ Văn Tần, Quận 5, Cần Thơ"
00256.png,Phan Quang,"101 Nguyễn Văn Linh, Quận 3, Biên Hòa"
00257.png,Vũ Trang,"96 Nguyễn Trãi, Quận 7, Cần Thơ"
00258.png,Đặng Hưng,"175 Phan Xích Long, Quận 1, Đà Nẵng"
00259.png,Phạm Bình,"297 Cách Mạng Tháng 8, Thủ Đức, Đà Nẵng"
00260.png,Phạm Phúc,"261 Cách Mạng Tháng 8, Quận 7, Đà Nẵng"
00261.png,Phạm Quang,"149 Nguyễn Văn Linh, Quận 3, Hà Nội"
00262.png,Hoàng Tuấn,"150 Nguyễn Văn Linh, Quận 1, Đà Nẵng"
00263.png,Vũ Hà,"13 Võ Văn Tần, Quận 7, Hà Nội"
00264.png,Trần Hải,"145 Hai Bà Trưng, Quận 1, Đà Nẵng"
00265.png,Hoàng Nam,"19 Hai Bà Trưng, Quận 5, Hà Nội"
00266.png,Đỗ Khánh,"64 Cách Mạng Tháng 8, Quận 10, Biên Hòa"
00267.png,Lê Vy,"175 Nguyễn Văn Linh, Quận 7, Đà Nẵng"
00268.png,Phạm Quang,"240 Phan Xích Long, Quận 3, Biên Hòa"
00269.png,Bùi Khánh,"133 Võ Văn Tần, Quận 5, TP.HCM"
00270.png,Phan Hưng,"218 Pasteur, Quận 10, Đà Nẵng"
00271.png,Trần Dương,"129 Hai Bà Trưng, Thủ Đức, Cần Thơ"
00272.png,Phan Thảo,"20 Hai Bà Trưng, Quận 1, TP.HCM"
00273.png,Lê Sơn,"195 Lê Lợi, Thủ Đức, TP.HCM"
00274.png,Bùi Hải,"66 Hai Bà Trưng, Thủ Đức, Biên Hòa"
00275.png,Lê Linh,"62 Điện Biên Phủ, Quận 1, Hà Nội"
00276.png,Phạm Sơn,"51 Lê Lợi, Quận 10, Hà Nội"
00277.png,Nguyễn Dương,"230 Trần Hưng Đạo, Quận 7, Biên Hòa"
00278.png,Bùi Bình,"86 Nguyễn Văn Linh, Quận 10, TP.HCM"
00279.png,Phan Hà,"40 Pasteur, Quận 1, Cần Thơ"
00280.png,Trần Hà,"49 Lê Lợi, Quận 7, Hà Nội"
00281.png,Phạm Thảo,"94 Phan Xích Long, Quận 10, TP.HCM"
00282.png,Đỗ Quang,"205 Võ Văn Tần, Quận 5, Biên Hòa"
00283.png,Hoàng Tuấn,"290 Cách Mạng Tháng 8, Quận 5, Cần Thơ"
00284.png,Đỗ Quang,"186 Trần Hưng Đạo, Quận 7, Cần Thơ"
00285.png,Lê Sơn,"16 Nguyễn Văn Linh, Quận 5, Cần Thơ"
00286.png,Đỗ Minh,"238 Điện Biên Phủ, Thủ Đức, Hà Nội"
00287.png,Vũ Chi,"208 Hai Bà Trưng, Thủ Đức, Hà Nội"
00288.png,Phan Thảo,"68 Hai Bà Trưng, Quận 3, Đà Nẵng"
00289.png,Đặng Hưng,"21 Nguyễn Trãi, Quận 10, TP.HCM"
00290.png,Hoàng An,"106 Võ Văn Tần, Quận 3, Hà Nội"
00291.png,Trần Hà,"123 Hai Bà Trưng, Quận 5, TP.HCM"
00292.png,Trần Dương,"33 Nguyễn Trãi, Quận 1, Cần Thơ"
00293.png,Vũ Dương,"202 Phan Xích Long, Quận 7, Hà Nội"
00294.png,Hoàng Nam,"204 Lê Lợi, Quận 1, Đà Nẵng"
00295.png,Đỗ Minh,"43 Trần Hưng Đạo, Quận 5, Đà Nẵng"
00296.png,Hoàng Hưng,"199 Hai Bà Trưng, Quận 10, Đà Nẵng"
00297.png,Trần Linh,"213 Pasteur, Thủ Đức, Đà Nẵng"
00298.png,Trần Linh,"192 Hai Bà Trưng, Quận 10, Đà Nẵng"
00299.png,Vũ Nam,"117 Nguyễn Trãi, Quận 7, TP.HCM"
00300.png,Đỗ Trang,"34 Điện Biên Phủ, Quận 7, Hà Nội"
00301.png,Bùi Phúc,"83 Lê Lợi, Thủ Đức, Hà Nội"
00302.png,Phạm An,"37 Lê Lợi, Quận 10, Hà Nội"
00303.png,Đặng Vy,"85 Võ Văn Tần, Quận 5, Hà Nội"
00304.png,Nguyễn Sơn,"205 Nguyễn Trãi, Thủ Đức, Đà Nẵng"
00305.png,Đặng Sơn,"50 Điện Biên Phủ, Quận 3, Đà Nẵng"
00306.png,Hoàng Hưng,"27 Võ Văn Tần, Quận 5, Hà Nội"
00307.png,Đỗ Dương,"68 Võ Văn Tần, Quận 3, Hà Nội"
00308.png,Trần Hải,"274 Hai Bà Trưng, Quận 7, Cần Thơ"
00309.png,Bùi Thảo,"214 Pasteur, Quận 1, Biên Hòa"
00310.png,Trần Dương,"75 Võ Văn Tần, Quận 1, Đà Nẵng"
00311.png,Đỗ Khánh,"205 Pasteur, Quận 3, Cần Thơ"
00312.png,Đỗ Dương,"227 Trần Hưng Đạo, Quận 3, Hà Nội"
00313.png,Đặng Trang,"200 Điện Biên Phủ, Quận 7, Hà Nội"
00314.png,Trần Trang,"290 Trần Hưng Đạo, Quận 1, Hà Nội"
00315.png,Vũ Linh,"157 Nguyễn Trãi, Thủ Đức, Hà Nội"
00316.png,Trần Khánh,"182 Võ Văn Tần, Quận 7, TP.HCM"
00317.png,Bùi Chi,"251 Võ Văn Tần, Quận 5, Hà Nội"
00318.png,Phạm Minh,"287 Phan Xích Long, Quận 1, Đà Nẵng"
00319.png,Lê Bình,"245 Điện Biên Phủ, Quận 5, Cần Thơ"
00320.png,Vũ Bình,"242 Nguyễn Trãi, Quận 3, Biên Hòa"
00321.png,Bùi Chi,"138 Lê Lợi, Thủ Đức, Cần Thơ"
00322.png,Đặng Quang,"190 Nguyễn Trãi, Quận 1, Cần Thơ"
00323.png,Đặng Hải,"135 Cách Mạng Tháng 8, Quận 10, Cần Thơ"
00324.png,Trần Hưng,"286 Nguyễn Trãi, Quận 3, TP.HCM"
00325.png,Đỗ Hà,"293 Võ Văn Tần, Quận 10, Cần Thơ"
00326.png,Đỗ Bình,"109 Trần Hưng Đạo, Quận 7, Biên Hòa"
00327.png,Bùi Quang,"192 Pasteur, Quận 3, TP.HCM"
00328.png,Bùi Hà,"227 Điện Biên Phủ, Thủ Đức, TP.HCM"
00329.png,Lê An,"154 Nguyễn Trãi, Quận 10, Biên Hòa"
00330.png,Phan Sơn,"153 Phan Xích Long, Thủ Đức, Hà Nội"
00331.png,Vũ Vy,"274 Trần Hưng Đạo, Quận 10, Biên Hòa"
00332.png,Bùi Bình,"181 Phan Xích Long, Quận 10, TP.HCM"
00333.png,Nguyễn Trang,"63 Nguyễn Văn Linh, Quận 7, Cần Thơ"
00334.png,Vũ Dương,"84 Pasteur, Quận 3, Hà Nội"
00335.png,Vũ Sơn,"186 Nguyễn Trãi, Thủ Đức, Đà Nẵng"
00336.png,Phạm Phúc,"88 Nguyễn Trãi, Quận 1, TP.HCM"
00337.png,Vũ Tuấn,"144 Võ Văn Tần, Quận 7, Biên Hòa"
00338.png,Trần Dương,"278 Pasteur, Quận 1, TP.HCM"
00339.png,Trần Phúc,"86 Nguyễn Trãi, Quận 1, TP.HCM"
00340.png,Phan Dương,"145 Hai Bà Trưng, Quận 5, Cần Thơ"
00341.png,Trần Phúc,"151 Hai Bà Trưng, Quận 7, Hà Nội"
00342.png,Trần Quang,"48 Lê Lợi, Thủ Đức, Đà Nẵng"
00343.png,Vũ Trang,"24 Pasteur, Quận 5, Biên Hòa"
00344.png,Đặng Chi,"250 Cách Mạng Tháng 8, Quận 5, TP.HCM"
00345.png,Nguyễn An,"102 Nguyễn Văn Linh, Quận 5, TP.HCM"
00346.png,Đỗ Quang,"165 Võ Văn Tần, Thủ Đức, Cần Thơ"
00347.png,Nguyễn Hà,"132 Lê Lợi, Thủ Đức, Biên Hòa"
00348.png,Nguyễn Hà,"282 Võ Văn Tần, Quận 3, Biên Hòa"
00349.png,Phan Nam,"53 Phan Xích Long, Quận 7, TP.HCM"
00350.png,Phan Chi,"119 Võ Văn Tần, Quận 7, Biên Hòa"
00351.png,Trần Quang,"147 Võ Văn Tần, Quận 7, TP.HCM"
00352.png,Phạm Thảo,"209 Pasteur, Quận 3, Cần Thơ"
00353.png,Lê Sơn,"217 Trần Hưng Đạo, Quận 1, Đà Nẵng"
00354.png,Lê Phúc,"68 Hai Bà Trưng, Quận 7, TP.HCM"
00355.png,Lê Thảo,"229 Cách Mạng Tháng 8, Quận 3, Cần Thơ"
00356.png,Bùi Hải,"25 Trần Hưng Đạo, Quận 5, Cần Thơ"
00357.png,Hoàng Hà,"251 Hai Bà Trưng, Quận 7, Biên Hòa"
00358.png,Vũ Tuấn,"249 Hai Bà Trưng, Quận 10, Đà Nẵng"
00359.png,Phan Quang,"156 Võ Văn Tần, Quận 3, Hà Nội"
00360.png,Vũ Chi,"86 Hai Bà Trưng, Thủ Đức, Đà Nẵng"
00361.png,Lê Tuấn,"35 Phan Xích Long, Quận 3, Cần Thơ"
00362.png,Vũ Thảo,"282 Nguyễn Văn Linh, Thủ Đức, TP.HCM"
00363.png,Hoàng Thảo,"87 Điện Biên Phủ, Quận 10, Cần Thơ"
00364.png,Bùi Chi,"217 Hai Bà Trưng, Quận 3, TP.HCM"
00365.png,Trần Linh,"233 Lê Lợi, Quận 1, TP.HCM"
00366.png,Trần Minh,"126 Lê Lợi, Thủ Đức, Đà Nẵng"
00367.png,Phan Trang,"202 Lê Lợi, Quận 10, TP.HCM"
00368.png,Bùi Quang,"83 Cách Mạng Tháng 8, Thủ Đức, Biên Hòa"
00369.png,Vũ Bình,"205 Phan Xích Long, Quận 1, Hà Nội"
00370.png,Vũ Bình,"253 Cách Mạng Tháng 8, Quận 10, Biên Hòa"
00371.png,Phạm Minh,"280 Pasteur, Quận 3, TP.HCM"
00372.png,Vũ Tuấn,"150 Lê Lợi, Quận 1, Cần Thơ"
00373.png,Đỗ Chi,"260 Nguyễn Trãi, Quận 10, Đà Nẵng"
00374.png,Nguyễn Trang,"80 Hai Bà Trưng, Quận 5, Hà Nội"
00375.png,Trần Hải,"257 Nguyễn Văn Linh, Quận 7, Biên Hòa"
00376.png,Phan Quang,"201 Pasteur, Quận 3, Cần Thơ"
00377.png,Lê Chi,"106 Điện Biên Phủ, Quận 5, Hà Nội"
00378.png,Vũ Vy,"38 Hai Bà Trưng, Quận 3, Hà Nội"
00379.png,Phạm Sơn,"117 Nguyễn Văn Linh, Quận 1, Biên Hòa"
00380.png,Đỗ Bình,"10 Lê Lợi, Quận 3, Cần Thơ"
00381.png,Đặng An,"43 Trần Hưng Đạo, Quận 3, Hà Nội"
00382.png,Hoàng Phúc,"228 Phan Xích Long, Thủ Đức, Cần Thơ"
00383.png,Bùi Dương,"171 Lê Lợi, Quận 5, TP.HCM"
00384.png,Vũ An,"260 Phan Xích Long, Thủ Đức, Biên Hòa"
00385.png,Nguyễn An,"261 Trần Hưng Đạo, Quận 7, Đà Nẵng"
00386.png,Đặng Hưng,"153 Điện Biên Phủ, Quận 1, Biên Hòa"
00387.png,Trần Hà,"159 Võ Văn Tần, Quận 5, Biên Hòa"
00388.png,Vũ Sơn,"285 Lê Lợi, Quận 10, Hà Nội"
00389.png,Vũ Hưng,"236 Điện Biên Phủ, Quận 7, TP.HCM"
00390.png,Đặng Trang,"279 Hai Bà Trưng, Quận 10, Biên Hòa"
00391.png,Phan Hưng,"240 Nguyễn Văn Linh, Quận 10, Biên Hòa"
00392.png,Đặng Dương,"81 Nguyễn Văn Linh, Quận 10, Biên Hòa"
00393.png,Nguyễn An,"237 Lê Lợi, Quận 3, Cần Thơ"
00394.png,Đặng Hà,"185 Pasteur, Quận 1, Cần Thơ"
00395.png,Lê Phúc,"49 Nguyễn Văn Linh, Quận 7, TP.HCM"
00396.png,Hoàng An,"239 Nguyễn Văn Linh, Thủ Đức, Biên Hòa"
00397.png,Nguyễn Sơn,"125 Pasteur, Quận 7, Biên Hòa"
00398.png,Nguyễn Bình,"35 Hai Bà Trưng, Quận 7, TP.HCM"
00399.png,Bùi Sơn,"236 Pasteur, Thủ Đức, Cần Thơ"
00400.png,Phạm Nam,"40 Điện Biên Phủ, Quận 1, Biên Hòa"
00401.png,Bùi Khánh,"225 Pasteur, Quận 1, Cần Thơ"
00402.png,Phan Tuấn,"115 Võ Văn Tần, Quận 7, Hà Nội"
00403.png,Lê Trang,"55 Phan Xích Long, Quận 10, Cần Thơ"
00404.png,Hoàng Minh,"27 Võ Văn Tần, Quận 3, Hà Nội"
00405.png,Bùi Dương,"92 Trần Hưng Đạo, Quận 1, Cần Thơ"
00406.png,Hoàng Chi,"46 Cách Mạng Tháng 8, Quận 3, Cần Thơ"
00407.png,Lê Khánh,"220 Phan Xích Long, Thủ Đức, Đà Nẵng"
00408.png,Lê Dương,"33 Hai Bà Trưng, Quận 1, Cần Thơ"
00409.png,Phạm Trang,"133 Điện Biên Phủ, Quận 7, Hà Nội"
00410.png,Hoàng Vy,"149 Võ Văn Tần, Quận 5, Hà Nội"
00411.png,Lê Hải,"198 Cách Mạng Tháng 8, Quận 3, Hà Nội"
00412.png,Hoàng Hà,"239 Nguyễn Văn Linh, Quận 7, Đà Nẵng"
00413.png,Vũ Thảo,"205 Trần Hưng Đạo, Quận 10, TP.HCM"
00414.png,Phạm Quang,"54 Điện Biên Phủ, Thủ Đức, Cần Thơ"
00415.png,Trần Quang,"206 Lê Lợi, Quận 1, Đà Nẵng"
00416.png,Phạm Thảo,"224 Trần Hưng Đạo, Quận 3, Hà Nội"
00417.png,Đỗ Quang,"231 Pasteur, Thủ Đức, Cần Thơ"
00418.png,Đỗ Quang,"133 Phan Xích Long, Quận 7, Biên Hòa"
00419.png,Đỗ Chi,"290 Lê Lợi, Quận 7, Biên Hòa"
00420.png,Bùi Chi,"172 Phan Xích Long, Quận 10, Đà Nẵng"
00421.png,Lê Sơn,"176 Hai Bà Trưng, Quận 3, Biên Hòa"
00422.png,Nguyễn Chi,"43 Võ Văn Tần, Quận 7, Cần Thơ"
00423.png,Trần Minh,"79 Hai Bà Trưng, Quận 5, Đà Nẵng"
00424.png,Trần Tuấn,"213 Cách Mạng Tháng 8, Quận 5, Cần Thơ"
00425.png,Đặng Phúc,"45 Pasteur, Thủ Đức, TP.HCM"
00426.png,Đỗ Dương,"247 Nguyễn Văn Linh, Quận 1, Biên Hòa"
00427.png,Phan Linh,"118 Phan Xích Long, Quận 3, Cần Thơ"
00428.png,Vũ Linh,"112 Hai Bà Trưng, Quận 1, TP.HCM"
00429.png,Phạm Dương,"64 Võ Văn Tần, Quận 1, Cần Thơ"
00430.png,Đặng Vy,"93 Điện Biên Phủ, Quận 3, Hà Nội"
00431.png,Lê Thảo,"195 Hai Bà Trưng, Quận 7, Cần Thơ"
00432.png,Lê Hưng,"206 Nguyễn Văn Linh, Quận 5, Biên Hòa"
00433.png,Phan Minh,"176 Pasteur, Quận 7, Đà Nẵng"
00434.png,Vũ Chi,"270 Nguyễn Văn Linh, Quận 1, Biên Hòa"
00435.png,Bùi Thảo,"126 Điện Biên Phủ, Quận 7, Cần Thơ"
00436.png,Phan Hải,"169 Cách Mạng Tháng 8, Quận 5, Đà Nẵng"
00437.png,Phan Quang,"240 Lê Lợi, Quận 1, Hà Nội"
00438.png,Đặng Vy,"288 Nguyễn Trãi, Quận 10, Hà Nội"
00439.png,Phan Phúc,"229 Pasteur, Quận 5, Đà Nẵng"
00440.png,Bùi Hà,"89 Hai Bà Trưng, Quận 10, TP.HCM"
00441.png,Phan Tuấn,"224 Phan Xích Long, Quận 3, Cần Thơ"
00442.png,Bùi Phúc,"239 Lê Lợi, Thủ Đức, TP.HCM"
00443.png,Lê Nam,"156 Cách Mạng Tháng 8, Thủ Đức, Đà Nẵng"
00444.png,Trần Trang,"19 Cách Mạng Tháng 8, Quận 1, Cần Thơ"
00445.png,Phạm Trang,"88 Pasteur, Quận 10, TP.HCM"
00446.png,Nguyễn Linh,"157 Nguyễn Văn Linh, Quận 1, Hà Nội"
00447.png,Lê Khánh,"261 Cách Mạng Tháng 8, Quận 3, Hà Nội"
00448.png,Phạm Dương,"291 Nguyễn Văn Linh, Quận 3, TP.HCM"
00449.png,Đặng Vy,"254 Võ Văn Tần, Quận 5, TP.HCM"
00450.png,Nguyễn Bình,"222 Pasteur, Quận 3, Đà Nẵng"
00451.png,Vũ An,"245 Trần Hưng Đạo, Quận 3, Cần Thơ"
00452.png,Phan Khánh,"111 Hai Bà Trưng, Thủ Đức, TP.HCM"
00453.png,Hoàng Dương,"178 Pasteur, Thủ Đức, Cần Thơ"
00454.png,Hoàng Dương,"62 Hai Bà Trưng, Quận 3, Hà Nội"
00455.png,Trần Hưng,"278 Võ Văn Tần, Quận 5, Cần Thơ"
00456.png,Hoàng Vy,"233 Phan Xích Long, Quận 3, Biên Hòa"
00457.png,Vũ Quang,"151 Võ Văn Tần, Quận 10, Hà Nội"
00458.png,Vũ Minh,"280 Trần Hưng Đạo, Quận 10, TP.HCM"
00459.png,Bùi Phúc,"85 Phan Xích Long, Quận 5, Đà Nẵng"
00460.png,Trần Nam,"42 Cách Mạng Tháng 8, Thủ Đức, Hà Nội"
00461.png,Trần Dương,"123 Nguyễn Văn Linh, Quận 1, Hà Nội"
00462.png,Đỗ Khánh,"104 Nguyễn Trãi, Quận 7, Đà Nẵng"
00463.png,Phan Sơn,"191 Nguyễn Văn Linh, Quận 1, Biên Hòa"
00464.png,Trần Quang,"39 Pasteur, Thủ Đức, TP.HCM"
00465.png,Lê Minh,"127 Điện Biên Phủ, Thủ Đức, Đà Nẵng"
00466.png,Đặng Quang,"195 Hai Bà Trưng, Quận 10, Cần Thơ"
00467.png,Nguyễn Sơn,"37 Điện Biên Phủ, Quận 10, Đà Nẵng"
00468.png,Trần Dương,"238 Trần Hưng Đạo, Thủ Đức, Hà Nội"
00469.png,Trần Sơn,"112 Cách Mạng Tháng 8, Quận 10, Hà Nội"
00470.png,Trần Khánh,"103 Điện Biên Phủ, Quận 10, Cần Thơ"
00471.png,Đặng An,"241 Phan Xích Long, Thủ Đức, Hà Nội"
00472.png,Phạm Minh,"261 Cách Mạng Tháng 8, Quận 10, Đà Nẵng"
00473.png,Hoàng Linh,"197 Trần Hưng Đạo, Quận 5, Cần Thơ"
00474.png,Lê Nam,"11 Điện Biên Phủ, Quận 5, Hà Nội"
00475.png,Vũ Minh,"222 Cách Mạng Tháng 8, Quận 3, TP.HCM"
00476.png,Phan Tuấn,"149 Pasteur, Quận 5, Hà Nội"
00477.png,Đỗ Phúc,"145 Hai Bà Trưng, Thủ Đức, Cần Thơ"
00478.png,Phan Chi,"157 Trần Hưng Đạo, Quận 5, TP.HCM"
00479.png,Hoàng Bình,"33 Nguyễn Văn Linh, Quận 7, Đà Nẵng"
00480.png,Phan Nam,"199 Phan Xích Long, Thủ Đức, Đà Nẵng"
00481.png,Đỗ Khánh,"68 Pasteur, Quận 10, TP.HCM"
00482.png,Phan Bình,"64 Điện Biên Phủ, Quận 7, Hà Nội"
00483.png,Đỗ Chi,"14 Điện Biên Phủ, Quận 3, TP.HCM"
00484.png,Nguyễn Nam,"62 Điện Biên Phủ, Quận 1, Đà Nẵng"
00485.png,Nguyễn Thảo,"43 Trần Hưng Đạo, Quận 5, TP.HCM"
00486.png,Đặng Hưng,"72 Trần Hưng Đạo, Quận 10, Cần Thơ"
00487.png,Vũ Trang,"39 Pasteur, Quận 5, TP.HCM"
00488.png,Trần Hưng,"79 Trần Hưng Đạo, Quận 10, Cần Thơ"
00489.png,Lê Minh,"284 Trần Hưng Đạo, Quận 7, Cần Thơ"
00490.png,Phạm Chi,"141 Hai Bà Trưng, Quận 10, Đà Nẵng"
00491.png,Bùi Nam,"189 Nguyễn Trãi, Thủ Đức, Đà Nẵng"
00492.png,Vũ Nam,"262 Lê Lợi, Quận 1, Đà Nẵng"
00493.png,Lê Thảo,"148 Phan Xích Long, Thủ Đức, TP.HCM"
00494.png,Đỗ Chi,"271 Phan Xích Long, Thủ Đức, Biên Hòa"
00495.png,Đỗ Nam,"268 Võ Văn Tần, Quận 5, TP.HCM"
00496.png,Phạm Tuấn,"145 Trần Hưng Đạo, Quận 10, Hà Nội"
00497.png,Đỗ Dương,"41 Nguyễn Văn Linh, Quận 1, Hà Nội"
00498.png,Vũ An,"126 Hai Bà Trưng, Quận 10, Cần Thơ"
00499.png,Nguyễn Phúc,"104 Võ Văn Tần, Quận 5, Biên Hòa"
00500.png,Trần Nam,"199 Lê Lợi, Quận 10, TP.HCM"
00501.png,Phan Nam,"131 Nguyễn Văn Linh, Quận 7, Cần Thơ"
00502.png,Phan Trang,"30 Nguyễn Văn Linh, Quận 7, Biên Hòa"
00503.png,Trần Tuấn,"58 Hai Bà Trưng, Quận 7, Đà Nẵng"
00504.png,Nguyễn Chi,"24 Lê Lợi, Quận 3, Cần Thơ"
00505.png,Đỗ Tuấn,"154 Nguyễn Văn Linh, Quận 5, Biên Hòa"
00506.png,Phan Phúc,"15 Điện Biên Phủ, Quận 1, Hà Nội"
00507.png,Trần Tuấn,"117 Cách Mạng Tháng 8, Quận 10, TP.HCM"
00508.png,Vũ Bình,"230 Trần Hưng Đạo, Quận 7, TP.HCM"
00509.png,Đỗ Chi,"151 Lê Lợi, Thủ Đức, Đà Nẵng"
00510.png,Trần Bình,"72 Hai Bà Trưng, Quận 7, TP.HCM"
00511.png,Nguyễn Bình,"67 Nguyễn Trãi, Quận 5, Cần Thơ"
00512.png,Đỗ Thảo,"66 Pasteur, Quận 1, Hà Nội"
00513.png,Phạm Khánh,"28 Điện Biên Phủ, Quận 1, Đà Nẵng"
00514.png,Nguyễn Hưng,"134 Nguyễn Văn Linh, Quận 5, TP.HCM"
00515.png,Bùi Chi,"107 Nguyễn Văn Linh, Quận 3, Biên Hòa"
00516.png,Đặng Hưng,"23 Phan Xích Long, Quận 3, Hà Nội"
00517.png,Trần Chi,"19 Võ Văn Tần, Quận 1, Hà Nội"
00518.png,Phan Tuấn,"129 Cách Mạng Tháng 8, Thủ Đức, Hà Nội"
00519.png,Lê Chi,"31 Lê Lợi, Quận 7, TP.HCM"
00520.png,Phan Minh,"73 Nguyễn Văn Linh, Quận 3, Đà Nẵng"
00521.png,Đỗ Nam,"81 Phan Xích Long, Quận 7, Biên Hòa"
00522.png,Nguyễn Quang,"215 Võ Văn Tần, Thủ Đức, Hà Nội"
00523.png,Đỗ Khánh,"260 Lê Lợi, Quận 10, Đà Nẵng"
00524.png,Đặng Hải,"68 Lê Lợi, Thủ Đức, Biên Hòa"
00525.png,Hoàng Hưng,"116 Hai Bà Trưng, Quận 7, Cần Thơ"
00526.png,Phan Hải,"169 Phan Xích Long, Thủ Đức, Hà Nội"
00527.png,Lê Sơn,"202 Nguyễn Văn Linh, Quận 3, TP.HCM"
00528.png,Phạm Thảo,"154 Điện Biên Phủ, Quận 7, TP.HCM"
00529.png,Lê Tuấn,"157 Trần Hưng Đạo, Quận 5, TP.HCM"
00530.png,Phạm Linh,"71 Nguyễn Trãi, Quận 5, Biên Hòa"
00531.png,Đỗ Linh,"270 Trần Hưng Đạo, Quận 10, Đà Nẵng"
00532.png,Vũ Nam,"100 Pasteur, Quận 10, Hà Nội"
00533.png,Đỗ Dương,"201 Pasteur, Quận 3, Đà Nẵng"
00534.png,Đỗ Minh,"236 Hai Bà Trưng, Quận 3, TP.HCM"
00535.png,Đỗ Khánh,"108 Hai Bà Trưng, Quận 3, TP.HCM"
00536.png,Đỗ Nam,"124 Pasteur, Thủ Đức, Hà Nội"
00537.png,Vũ Hưng,"253 Võ Văn Tần, Quận 7, TP.HCM"
00538.png,Vũ Linh,"12 Lê Lợi, Thủ Đức, Cần Thơ"
00539.png,Trần Tuấn,"74 Võ Văn Tần, Quận 3, Hà Nội"
00540.png,Đỗ Vy,"296 Võ Văn Tần, Quận 3, Đà Nẵng"
00541.png,Phan Linh,"135 Võ Văn Tần, Quận 7, Đà Nẵng"
00542.png,Trần Sơn,"138 Phan Xích Long, Thủ Đức, Hà Nội"
00543.png,Nguyễn Dương,"262 Trần Hưng Đạo, Thủ Đức, Hà Nội"
00544.png,Hoàng Chi,"118 Nguyễn Văn Linh, Quận 5, Hà Nội"
00545.png,Hoàng An,"43 Cách Mạng Tháng 8, Quận 1, Đà Nẵng"
00546.png,Lê Khánh,"142 Trần Hưng Đạo, Quận 5, TP.HCM"
00547.png,Vũ Dương,"174 Nguyễn Văn Linh, Thủ Đức, Cần Thơ"
00548.png,Hoàng Dương,"32 Nguyễn Văn Linh, Quận 10, Hà Nội"
00549.png,Phạm Khánh,"247 Cách Mạng Tháng 8, Thủ Đức, TP.HCM"
00550.png,Vũ Nam,"48 Nguyễn Văn Linh, Quận 3, Hà Nội"
00551.png,Phạm Hà,"117 Cách Mạng Tháng 8, Quận 10, Biên Hòa"
00552.png,Trần Trang,"258 Trần Hưng Đạo, Quận 10, Cần Thơ"
00553.png,Trần Bình,"273 Võ Văn Tần, Quận 5, Đà Nẵng"
00554.png,Đặng Sơn,"263 Trần Hưng Đạo, Quận 5, Cần Thơ"
00555.png,Nguyễn Khánh,"54 Pasteur, Quận 7, Cần Thơ"
00556.png,Đặng Chi,"169 Võ Văn Tần, Quận 3, Hà Nội"
00557.png,Đặng Tuấn,"234 Nguyễn Văn Linh, Quận 7, Biên Hòa"
00558.png,Đỗ Hải,"205 Trần Hưng Đạo, Quận 3, Biên Hòa"
00559.png,Đặng Quang,"193 Pasteur, Quận 7, TP.HCM"
00560.png,Vũ Vy,"143 Điện Biên Phủ, Quận 5, Hà Nội"
00561.png,Đỗ Dương,"92 Nguyễn Văn Linh, Quận 1, TP.HCM"
00562.png,Nguyễn Minh,"26 Điện Biên Phủ, Quận 1, Biên Hòa"
00563.png,Phan Phúc,"50 Trần Hưng Đạo, Quận 3, TP.HCM"
00564.png,Phan Dương,"38 Phan Xích Long, Quận 7, Đà Nẵng"
00565.png,Hoàng Trang,"156 Võ Văn Tần, Quận 1, TP.HCM"
00566.png,Vũ Dương,"174 Võ Văn Tần, Thủ Đức, Đà Nẵng"
00567.png,Đỗ Trang,"158 Trần Hưng Đạo, Quận 10, Biên Hòa"
00568.png,Đỗ Trang,"213 Lê Lợi, Quận 7, TP.HCM"
00569.png,Vũ Chi,"299 Lê Lợi, Quận 3, Biên Hòa"
00570.png,Đặng Hưng,"140 Trần Hưng Đạo, Quận 1, Cần Thơ"
00571.png,Đỗ Vy,"44 Pasteur, Thủ Đức, Cần Thơ"
00572.png,Đặng Nam,"159 Cách Mạng Tháng 8, Quận 7, Hà Nội"
00573.png,Phạm Hà,"73 Trần Hưng Đạo, Quận 7, Hà Nội"
00574.png,Hoàng An,"150 Pasteur, Quận 10, Biên Hòa"
00575.png,Đỗ Chi,"72 Pasteur, Quận 7, Hà Nội"
00576.png,Phạm Nam,"99 Nguyễn Văn Linh, Quận 10, Hà Nội"
00577.png,Phan Chi,"127 Lê Lợi, Quận 1, Đà Nẵng"
00578.png,Phan Hà,"208 Trần Hưng Đạo, Quận 5, Biên Hòa"
00579.png,Đặng Trang,"13 Điện Biên Phủ, Quận 7, Đà Nẵng"
00580.png,Vũ Sơn,"70 Phan Xích Long, Quận 3, Biên Hòa"
00581.png,Nguyễn Trang,"186 Võ Văn Tần, Quận 10, Hà Nội"
00582.png,Lê Dương,"146 Lê Lợi, Quận 1, TP.HCM"
00583.png,Phạm Hưng,"153 Phan Xích Long, Thủ Đức, TP.HCM"
00584.png,Vũ Hưng,"125 Cách Mạng Tháng 8, Quận 5, Biên Hòa"
00585.png,Trần Tuấn,"222 Trần Hưng Đạo, Quận 1, Cần Thơ"
00586.png,Trần Nam,"142 Hai Bà Trưng, Quận 7, Đà Nẵng"
00587.png,Nguyễn Trang,"252 Nguyễn Trãi, Quận 10, Hà Nội"
00588.png,Vũ Hưng,"265 Trần Hưng Đạo, Quận 3, Cần Thơ"
00589.png,Hoàng Trang,"216 Pasteur, Thủ Đức, TP.HCM"
00590.png,Vũ Quang,"204 Nguyễn Văn Linh, Quận 7, Hà Nội"
00591.png,Lê Hải,"99 Điện Biên Phủ, Thủ Đức, Biên Hòa"
00592.png,Trần Tuấn,"273 Điện Biên Phủ, Quận 7, Hà Nội"
00593.png,Phan Vy,"182 Hai Bà Trưng, Quận 1, Cần Thơ"
00594.png,Trần Vy,"124 Hai Bà Trưng, Quận 3, Hà Nội"
00595.png,Vũ Linh,"112 Nguyễn Trãi, Quận 1, Cần Thơ"
00596.png,Phan Trang,"132 Điện Biên Phủ, Quận 7, Đà Nẵng"
00597.png,Đặng Thảo,"162 Pasteur, Quận 3, Cần Thơ"
00598.png,Hoàng Minh,"291 Phan Xích Long, Thủ Đức, Đà Nẵng"
00599.png,Đỗ Phúc,"186 Pasteur, Quận 5, Hà Nội"
00600.png,Đặng Hải,"33 Cách Mạng Tháng 8, Quận 7, Biên Hòa"
00601.png,Bùi Chi,"211 Hai Bà Trưng, Quận 5, Đà Nẵng"
00602.png,Lê Hà,"285 Phan Xích Long, Quận 5, Hà Nội"
00603.png,Đỗ Hưng,"168 Hai Bà Trưng, Quận 7, Đà Nẵng"
00604.png,Nguyễn Phúc,"259 Nguyễn Văn Linh, Quận 3, Đà Nẵng"
00605.png,Trần Chi,"72 Trần Hưng Đạo, Thủ Đức, TP.HCM"
00606.png,Vũ Nam,"286 Nguyễn Trãi, Thủ Đức, Hà Nội"
00607.png,Bùi Thảo,"199 Điện Biên Phủ, Quận 7, Biên Hòa"
00608.png,Đặng Linh,"129 Điện Biên Phủ, Quận 7, TP.HCM"
00609.png,Đặng Bình,"269 Phan Xích Long, Quận 10, Đà Nẵng"
00610.png,Nguyễn Minh,"49 Trần Hưng Đạo, Quận 1, Hà Nội"
00611.png,Đỗ Linh,"201 Trần Hưng Đạo, Quận 3, Hà Nội"
00612.png,Bùi Thảo,"182 Nguyễn Trãi, Thủ Đức, Đà Nẵng"
00613.png,Hoàng Dương,"156 Nguyễn Văn Linh, Quận 7, Cần Thơ"
00614.png,Đặng Thảo,"106 Pasteur, Quận 10, Biên Hòa"
00615.png,Bùi Vy,"274 Pasteur, Quận 3, TP.HCM"
00616.png,Đỗ Chi,"232 Võ Văn Tần, Quận 3, Hà Nội"
00617.png,Đỗ Nam,"108 Điện Biên Phủ, Quận 3, Đà Nẵng"
00618.png,Phan Hưng,"158 Trần Hưng Đạo, Thủ Đức, Cần Thơ"
00619.png,Đặng Phúc,"165 Lê Lợi, Quận 7, Cần Thơ"
00620.png,Trần Chi,"161 Pasteur, Quận 3, TP.HCM"
00621.png,Trần Chi,"153 Hai Bà Trưng, Quận 3, Đà Nẵng"
00622.png,Bùi Dương,"292 Pasteur, Quận 3, TP.HCM"
00623.png,Phạm Khánh,"49 Điện Biên Phủ, Quận 5, Đà Nẵng"
00624.png,Phan Tuấn,"114 Nguyễn Trãi, Quận 5, Cần Thơ"
00625.png,Hoàng Hưng,"169 Cách Mạng Tháng 8, Quận 5, Hà Nội"
00626.png,Trần Dương,"250 Võ Văn Tần, Quận 3, Biên Hòa"
00627.png,Đỗ Hải,"78 Phan Xích Long, Thủ Đức, Cần Thơ"
00628.png,Trần Hải,"220 Phan Xích Long, Quận 3, Đà Nẵng"
00629.png,Đỗ Hà,"196 Nguyễn Văn Linh, Quận 7, Cần Thơ"
00630.png,Phạm Trang,"159 Điện Biên Phủ, Quận 5, Hà Nội"
00631.png,Phan Phúc,"252 Pasteur, Quận 10, Hà Nội"
00632.png,Bùi Sơn,"179 Cách Mạng Tháng 8, Quận 10, Hà Nội"
00633.png,Vũ Trang,"84 Hai Bà Trưng, Quận 1, Đà Nẵng"
00634.png,Lê Tuấn,"16 Lê Lợi, Quận 7, TP.HCM"
00635.png,Nguyễn Khánh,"157 Pasteur, Quận 7, Cần Thơ"
00636.png,Nguyễn Chi,"205 Nguyễn Văn Linh, Quận 7, TP.HCM"
00637.png,Đỗ Sơn,"120 Hai Bà Trưng, Quận 1, Hà Nội"
00638.png,Phạm Vy,"182 Trần Hưng Đạo, Quận 1, Đà Nẵng"
00639.png,Vũ Hải,"217 Nguyễn Trãi, Quận 5, TP.HCM"
00640.png,Phan Hải,"233 Lê Lợi, Quận 10, Hà Nội"
00641.png,Lê Tuấn,"161 Phan Xích Long, Quận 1, Cần Thơ"
00642.png,Phan Tuấn,"128 Trần Hưng Đạo, Quận 7, Hà Nội"
00643.png,Nguyễn Tuấn,"14 Lê Lợi, Quận 10, Hà Nội"
00644.png,Bùi Nam,"170 Cách Mạng Tháng 8, Quận 7, Hà Nội"
00645.png,Phan Trang,"86 Hai Bà Trưng, Quận 5, Hà Nội"
00646.png,Phạm Quang,"150 Phan Xích Long, Quận 10, Cần Thơ"
00647.png,Hoàng Chi,"31 Võ Văn Tần, Quận 3, Cần Thơ"
00648.png,Phan An,"147 Lê Lợi, Quận 1, Hà Nội"
00649.png,Phạm Sơn,"70 Võ Văn Tần, Quận 3, Biên Hòa"
00650.png,Phạm Hưng,"173 Võ Văn Tần, Quận 1, Biên Hòa"
00651.png,Phạm Hà,"231 Pasteur, Quận 10, Biên Hòa"
00652.png,Lê Nam,"186 Nguyễn Trãi, Quận 3, Cần Thơ"
00653.png,Phạm Linh,"78 Điện Biên Phủ, Quận 10, Hà Nội"
00654.png,Phan Vy,"35 Điện Biên Phủ, Quận 5, Đà Nẵng"
00655.png,Phan Nam,"12 Nguyễn Trãi, Quận 3, Cần Thơ"
00656.png,Bùi Quang,"120 Cách Mạng Tháng 8, Quận 7, TP.HCM"
00657.png,Nguyễn Bình,"228 Võ Văn Tần, Quận 7, TP.HCM"
00658.png,Nguyễn Hải,"148 Lê Lợi, Quận 1, Đà Nẵng"
00659.png,Đặng Vy,"64 Nguyễn Văn Linh, Thủ Đức, Hà Nội"
00660.png,Vũ Quang,"212 Điện Biên Phủ, Thủ Đức, Biên Hòa"
00661.png,Vũ Khánh,"122 Phan Xích Long, Quận 7, TP.HCM"
00662.png,Bùi Minh,"32 Điện Biên Phủ, Quận 1, Biên Hòa"
00663.png,Bùi Linh,"11 Võ Văn Tần, Quận 3, Đà Nẵng"
00664.png,Trần Trang,"116 Hai Bà Trưng, Quận 10, Đà Nẵng"
00665.png,Phạm Khánh,"192 Pasteur, Quận 7, Biên Hòa"
00666.png,Vũ Hưng,"102 Điện Biên Phủ, Quận 3, Hà Nội"
00667.png,Phan Trang,"227 Phan Xích Long, Quận 3, Biên Hòa"
00668.png,Bùi Hải,"295 Nguyễn Trãi, Thủ Đức, Biên Hòa"
00669.png,Đỗ Hà,"46 Phan Xích Long, Thủ Đức, Hà Nội"
00670.png,Lê Trang,"211 Hai Bà Trưng, Quận 5, Hà Nội"
00671.png,Bùi Trang,"208 Cách Mạng Tháng 8, Quận 1, TP.HCM"
00672.png,Vũ Thảo,"221 Võ Văn Tần, Quận 5, TP.HCM"
00673.png,Phạm Hưng,"214 Pasteur, Thủ Đức, Hà Nội"
00674.png,Lê Minh,"252 Pasteur, Thủ Đức, Cần Thơ"
00675.png,Đặng Sơn,"52 Nguyễn Văn Linh, Quận 5, TP.HCM"
00676.png,Lê Vy,"82 Nguyễn Trãi, Quận 7, TP.HCM"
00677.png,Trần Tuấn,"191 Phan Xích Long, Quận 10, Biên Hòa"
00678.png,Phạm Trang,"286 Lê Lợi, Quận 5, Đà Nẵng"
00679.png,Bùi Bình,"263 Điện Biên Phủ, Quận 7, TP.HCM"
00680.png,Nguyễn Dương,"143 Cách Mạng Tháng 8, Quận 7, TP.HCM"
00681.png,Vũ Trang,"255 Nguyễn Trãi, Quận 7, Đà Nẵng"
00682.png,Vũ Dương,"141 Cách Mạng Tháng 8, Quận 5, Hà Nội"
00683.png,Trần Trang,"201 Điện Biên Phủ, Quận 5, Cần Thơ"
00684.png,Phan Hà,"241 Nguyễn Văn Linh, Quận 5, Hà Nội"
00685.png,Hoàng Vy,"269 Nguyễn Trãi, Quận 10, Đà Nẵng"
00686.png,Trần Vy,"206 Điện Biên Phủ, Thủ Đức, Biên Hòa"
00687.png,Phạm Hà,"78 Cách Mạng Tháng 8, Quận 7, Biên Hòa"
00688.png,Bùi Quang,"219 Nguyễn Trãi, Quận 5, TP.HCM"
00689.png,Bùi Trang,"122 Điện Biên Phủ, Quận 1, Đà Nẵng"
00690.png,Nguyễn An,"229 Nguyễn Trãi, Thủ Đức, TP.HCM"
00691.png,Đặng Nam,"81 Võ Văn Tần, Quận 7, Hà Nội"
00692.png,Trần Hưng,"147 Nguyễn Trãi, Thủ Đức, Hà Nội"
00693.png,Đặng Sơn,"74 Võ Văn Tần, Quận 10, Biên Hòa"
00694.png,Lê Thảo,"265 Pasteur, Quận 3, Biên Hòa"
00695.png,Trần Nam,"149 Nguyễn Trãi, Quận 5, Cần Thơ"
00696.png,Lê Phúc,"115 Pasteur, Thủ Đức, TP.HCM"
00697.png,Hoàng Hải,"180 Trần Hưng Đạo, Quận 7, Cần Thơ"
00698.png,Đỗ Dương,"89 Võ Văn Tần, Thủ Đức, TP.HCM"
00699.png,Đỗ Trang,"213 Pasteur, Quận 1, Cần Thơ"
00700.png,Vũ Vy,"76 Trần Hưng Đạo, Thủ Đức, Hà Nội"
00701.png,Phạm Quang,"258 Phan Xích Long, Quận 10, Biên Hòa"
00702.png,Lê An,"69 Hai Bà Trưng, Quận 1, Đà Nẵng"
00703.png,Lê Dương,"253 Nguyễn Trãi, Quận 3, Hà Nội"
00704.png,Đỗ Vy,"149 Nguyễn Văn Linh, Quận 7, Biên Hòa"
00705.png,Phạm Trang,"165 Phan Xích Long, Quận 10, Biên Hòa"
00706.png,Hoàng Minh,"102 Nguyễn Trãi, Thủ Đức, Biên Hòa"
00707.png,Phạm Hải,"222 Nguyễn Văn Linh, Quận 3, TP.HCM"
00708.png,Đặng Sơn,"91 Cách Mạng Tháng 8, Quận 5, Biên Hòa"
00709.png,Đặng Dương,"189 Điện Biên Phủ, Quận 10, Cần Thơ"
00710.png,Phan Hải,"169 Pasteur, Quận 7, Biên Hòa"
00711.png,Nguyễn Trang,"255 Phan Xích Long, Quận 7, Biên Hòa"
00712.png,Lê Chi,"159 Cách Mạng Tháng 8, Quận 7, TP.HCM"
00713.png,Đặng Hưng,"288 Lê Lợi, Quận 3, Hà Nội"
00714.png,Đỗ Hải,"19 Nguyễn Văn Linh, Quận 3, Hà Nội"
00715.png,Đặng Thảo,"143 Hai Bà Trưng, Quận 1, Đà Nẵng"
00716.png,Lê Minh,"238 Hai Bà Trưng, Quận 10, Biên Hòa"
00717.png,Nguyễn Hà,"91 Phan Xích Long, Quận 10, Biên Hòa"
00718.png,Trần Quang,"225 Cách Mạng Tháng 8, Quận 1, Cần Thơ"
00719.png,Phạm Hải,"178 Trần Hưng Đạo, Quận 7, Biên Hòa"
00720.png,Hoàng Minh,"158 Lê Lợi, Quận 1, Biên Hòa"
00721.png,Đỗ Trang,"124 Trần Hưng Đạo, Quận 1, TP.HCM"
00722.png,Trần Dương,"147 Trần Hưng Đạo, Quận 3, Đà Nẵng"
00723.png,Bùi Hưng,"43 Pasteur, Quận 3, Biên Hòa"
00724.png,Hoàng Hải,"118 Cách Mạng Tháng 8, Quận 5, Biên Hòa"
00725.png,Lê Sơn,"11 Trần Hưng Đạo, Quận 7, Hà Nội"
00726.png,Lê Hải,"95 Võ Văn Tần, Thủ Đức, TP.HCM"
00727.png,Trần Thảo,"164 Cách Mạng Tháng 8, Quận 7, Đà Nẵng"
00728.png,Bùi Quang,"243 Phan Xích Long, Thủ Đức, Biên Hòa"
00729.png,Bùi Vy,"70 Võ Văn Tần, Quận 3, Biên Hòa"
00730.png,Phạm Sơn,"51 Nguyễn Trãi, Quận 10, Hà Nội"
00731.png,Trần Phúc,"11 Nguyễn Văn Linh, Quận 10, TP.HCM"
00732.png,Nguyễn Thảo,"234 Hai Bà Trưng, Thủ Đức, TP.HCM"
00733.png,Bùi Khánh,"75 Hai Bà Trưng, Quận 1, TP.HCM"
00734.png,Hoàng Phúc,"225 Hai Bà Trưng, Quận 5, Cần Thơ"
00735.png,Vũ Dương,"65 Nguyễn Văn Linh, Quận 10, Biên Hòa"
00736.png,Đỗ Hà,"53 Võ Văn Tần, Quận 7, TP.HCM"
00737.png,Phan Thảo,"23 Pasteur, Thủ Đức, Đà Nẵng"
00738.png,Đặng Nam,"155 Hai Bà Trưng, Quận 3, Cần Thơ"
00739.png,Đặng An,"124 Nguyễn Trãi, Quận 3, Biên Hòa"
00740.png,Đặng Minh,"268 Nguyễn Văn Linh, Quận 7, TP.HCM"
00741.png,Lê Chi,"297 Phan Xích Long, Thủ Đức, Biên Hòa"
00742.png,Đỗ Hưng,"79 Pasteur, Quận 7, Hà Nội"
00743.png,Bùi Vy,"101 Cách Mạng Tháng 8, Thủ Đức, Đà Nẵng"
00744.png,Đỗ Bình,"211 Nguyễn Văn Linh, Thủ Đức, TP.HCM"
00745.png,Phan Vy,"213 Điện Biên Phủ, Quận 5, Hà Nội"
00746.png,Đặng Trang,"242 Lê Lợi, Quận 7, Hà Nội"
00747.png,Phạm Thảo,"139 Nguyễn Văn Linh, Quận 10, Hà Nội"
00748.png,Vũ Hải,"299 Cách Mạng Tháng 8, Quận 7, Đà Nẵng"
00749.png,Lê Bình,"202 Nguyễn Văn Linh, Quận 5, Cần Thơ"
00750.png,Nguyễn Vy,"45 Pasteur, Quận 5, Cần Thơ"
00751.png,Bùi Tuấn,"279 Nguyễn Trãi, Thủ Đức, Hà Nội"
00752.png,Vũ An,"235 Trần Hưng Đạo, Quận 10, TP.HCM"
00753.png,Đặng Khánh,"247 Lê Lợi, Quận 3, Biên Hòa"
00754.png,Trần Tuấn,"154 Nguyễn Trãi, Thủ Đức, Cần Thơ"
00755.png,Phạm Sơn,"70 Lê Lợi, Quận 5, Đà Nẵng"
00756.png,Đặng Bình,"157 Điện Biên Phủ, Quận 10, Hà Nội"
00757.png,Vũ Quang,"71 Phan Xích Long, Thủ Đức, Biên Hòa"
00758.png,Vũ Khánh,"58 Cách Mạng Tháng 8, Quận 7, Đà Nẵng"
00759.png,Nguyễn Bình,"198 Nguyễn Trãi, Thủ Đức, Cần Thơ"
00760.png,Trần Linh,"128 Nguyễn Văn Linh, Quận 10, TP.HCM"
00761.png,Trần Hưng,"280 Nguyễn Văn Linh, Quận 3, Đà Nẵng"
00762.png,Phạm Thảo,"262 Cách Mạng Tháng 8, Thủ Đức, Đà Nẵng"
00763.png,Nguyễn Hưng,"232 Phan Xích Long, Quận 5, Biên Hòa"
00764.png,Phan Thảo,"117 Điện Biên Phủ, Quận 5, TP.HCM"
00765.png,Đặng Quang,"81 Cách Mạng Tháng 8, Thủ Đức, Cần Thơ"
00766.png,Trần An,"86 Võ Văn Tần, Thủ Đức, TP.HCM"
00767.png,Bùi Khánh,"33 Phan Xích Long, Quận 10, Đà Nẵng"
00768.png,Trần Dương,"182 Pasteur, Thủ Đức, Biên Hòa"
00769.png,Vũ Hà,"279 Cách Mạng Tháng 8, Quận 7, Cần Thơ"
00770.png,Trần Tuấn,"211 Võ Văn Tần, Quận 7, Đà Nẵng"
00771.png,Hoàng Quang,"291 Võ Văn Tần, Quận 10, Biên Hòa"
00772.png,Vũ Hà,"44 Điện Biên Phủ, Quận 1, Cần Thơ"
00773.png,Bùi Quang,"280 Pasteur, Quận 3, Hà Nội"
00774.png,Lê Chi,"159 Nguyễn Văn Linh, Quận 5, TP.HCM"
00775.png,Hoàng Minh,"192 Võ Văn Tần, Thủ Đức, Đà Nẵng"
00776.png,Nguyễn Khánh,"246 Pasteur, Quận 3, Đà Nẵng"
00777.png,Đặng Dương,"225 Hai Bà Trưng, Thủ Đức, Hà Nội"
00778.png,Bùi Vy,"95 Nguyễn Văn Linh, Quận 7, Biên Hòa"
00779.png,Nguyễn Minh,"96 Trần Hưng Đạo, Quận 5, Cần Thơ"
00780.png,Vũ Quang,"74 Điện Biên Phủ, Quận 7, Cần Thơ"
00781.png,Nguyễn Nam,"121 Nguyễn Trãi, Thủ Đức, Đà Nẵng"
00782.png,Hoàng Minh,"191 Hai Bà Trưng, Quận 5, Biên Hòa"
00783.png,Vũ Phúc,"130 Trần Hưng Đạo, Quận 10, Hà Nội"
00784.png,Phan Nam,"273 Võ Văn Tần, Thủ Đức, Biên Hòa"
00785.png,Phan Minh,"16 Cách Mạng Tháng 8, Quận 7, Đà Nẵng"
00786.png,Trần Nam,"34 Nguyễn Trãi, Quận 7, TP.HCM"
00787.png,Nguyễn Phúc,"152 Lê Lợi, Quận 3, Hà Nội"
00788.png,Bùi Bình,"135 Cách Mạng Tháng 8, Quận 7, TP.HCM"
00789.png,Đỗ Nam,"241 Nguyễn Trãi, Quận 3, Cần Thơ"
00790.png,Bùi Hải,"22 Phan Xích Long, Quận 3, Cần Thơ"
00791.png,Đặng Sơn,"123 Võ Văn Tần, Quận 10, TP.HCM"
00792.png,Phan Quang,"227 Hai Bà Trưng, Quận 10, Cần Thơ"
00793.png,Vũ Hải,"112 Nguyễn Văn Linh, Quận 3, TP.HCM"
00794.png,Nguyễn Trang,"11 Pasteur, Quận 1, Hà Nội"
00795.png,Nguyễn Hải,"130 Nguyễn Trãi, Quận 10, Biên Hòa"
00796.png,Hoàng Minh,"148 Cách Mạng Tháng 8, Thủ Đức, Hà Nội"
00797.png,Đỗ Tuấn,"187 Cách Mạng Tháng 8, Quận 7, Biên Hòa"
00798.png,Nguyễn Vy,"202 Cách Mạng Tháng 8, Quận 1, Cần Thơ"
00799.png,Phan An,"112 Lê Lợi, Quận 10, Biên Hòa"
00800.png,Đỗ Bình,"257 Nguyễn Trãi, Quận 3, Cần Thơ"
00801.png,Lê Vy,"214 Phan Xích Long, Quận 7, Đà Nẵng"
00802.png,Phạm Thảo,"184 Trần Hưng Đạo, Quận 1, TP.HCM"
00803.png,Phan Quang,"288 Cách Mạng Tháng 8, Quận 10, Biên Hòa"
00804.png,Phạm Tuấn,"166 Võ Văn Tần, Quận 7, Cần Thơ"
00805.png,Lê Khánh,"194 Trần Hưng Đạo, Quận 5, Đà Nẵng"
00806.png,Lê Chi,"235 Điện Biên Phủ, Quận 7, Đà Nẵng"
00807.png,Phạm Tuấn,"137 Điện Biên Phủ, Quận 5, Hà Nội"
00808.png,Nguyễn Phúc,"295 Cách Mạng Tháng 8, Quận 3, Đà Nẵng"
00809.png,Hoàng Chi,"126 Lê Lợi, Quận 10, Hà Nội"
00810.png,Phan Trang,"89 Pasteur, Quận 7, Đà Nẵng"
00811.png,Nguyễn Tuấn,"293 Nguyễn Trãi, Thủ Đức, TP.HCM"
00812.png,Vũ Phúc,"211 Điện Biên Phủ, Thủ Đức, Biên Hòa"
00813.png,Trần Dương,"115 Lê Lợi, Quận 3, Biên Hòa"
00814.png,Đặng Hải,"210 Điện Biên Phủ, Quận 3, Cần Thơ"
00815.png,Lê Linh,"38 Võ Văn Tần, Quận 1, Đà Nẵng"
00816.png,Phan Hưng,"226 Cách Mạng Tháng 8, Quận 1, TP.HCM"
00817.png,Lê Linh,"295 Lê Lợi, Thủ Đức, Đà Nẵng"
00818.png,Hoàng Bình,"109 Nguyễn Trãi, Thủ Đức, Biên Hòa"
00819.png,Đỗ Hà,"295 Hai Bà Trưng, Thủ Đức, Hà Nội"
00820.png,Hoàng Chi,"125 Lê Lợi, Quận 10, TP.HCM"
00821.png,Nguyễn Hải,"224 Nguyễn Văn Linh, Quận 5, Hà Nội"
00822.png,Vũ Thảo,"202 Võ Văn Tần, Quận 7, Đà Nẵng"
00823.png,Bùi Minh,"204 Điện Biên Phủ, Quận 3, TP.HCM"
00824.png,Vũ Bình,"285 Võ Văn Tần, Thủ Đức, Cần Thơ"
00825.png,Lê Hà,"210 Lê Lợi, Quận 10, Hà Nội"
00826.png,Lê Khánh,"90 Võ Văn Tần, Quận 3, TP.HCM"
00827.png,Đặng Thảo,"215 Phan Xích Long, Quận 3, Hà Nội"
00828.png,Đỗ Linh,"126 Hai Bà Trưng, Quận 1, TP.HCM"
00829.png,Phan Quang,"187 Võ Văn Tần, Quận 1, TP.HCM"
00830.png,Vũ Nam,"241 Võ Văn Tần, Thủ Đức, Cần Thơ"
00831.png,Vũ Hà,"50 Hai Bà Trưng, Thủ Đức, Đà Nẵng"
00832.png,Vũ Trang,"80 Cách Mạng Tháng 8, Quận 10, TP.HCM"
00833.png,Phan Quang,"76 Cách Mạng Tháng 8, Thủ Đức, Hà Nội"
00834.png,Hoàng Hà,"125 Nguyễn Trãi, Quận 3, Cần Thơ"
00835.png,Đặng Chi,"122 Nguyễn Văn Linh, Quận 10, Hà Nội"
00836.png,Đặng Hưng,"31 Lê Lợi, Quận 1, TP.HCM"
00837.png,Nguyễn Quang,"262 Pasteur, Quận 10, Cần Thơ"
00838.png,Hoàng Minh,"220 Pasteur, Quận 7, Cần Thơ"
00839.png,Vũ Chi,"188 Lê Lợi, Quận 7, Biên Hòa"
00840.png,Đặng Chi,"290 Trần Hưng Đạo, Quận 5, Hà Nội"
00841.png,Nguyễn Chi,"156 Võ Văn Tần, Quận 3, TP.HCM"
00842.png,Phạm Hải,"49 Phan Xích Long, Quận 10, Biên Hòa"
00843.png,Đỗ Thảo,"140 Pasteur, Quận 5, Đà Nẵng"
00844.png,Hoàng Hà,"95 Nguyễn Trãi, Quận 7, Biên Hòa"
00845.png,Trần Hưng,"29 Nguyễn Trãi, Quận 10, Biên Hòa"
00846.png,Trần Sơn,"226 Lê Lợi, Quận 10, Đà Nẵng"
00847.png,Phạm An,"153 Võ Văn Tần, Quận 7, TP.HCM"
00848.png,Nguyễn Vy,"206 Nguyễn Trãi, Quận 3, TP.HCM"
00849.png,Lê Dương,"278 Cách Mạng Tháng 8, Thủ Đức, Biên Hòa"
00850.png,Bùi Bình,"139 Phan Xích Long, Quận 3, Biên Hòa"
00851.png,Trần Chi,"290 Lê Lợi, Quận 5, Đà Nẵng"
00852.png,Vũ Minh,"28 Võ Văn Tần, Quận 1, Biên Hòa"
00853.png,Phạm Trang,"170 Võ Văn Tần, Quận 5, Biên Hòa"
00854.png,Lê Hải,"147 Trần Hưng Đạo, Quận 3, Đà Nẵng"
00855.png,Phan Khánh,"68 Điện Biên Phủ, Quận 3, TP.HCM"
00856.png,Phan Nam,"80 Phan Xích Long, Quận 1, Đà Nẵng"
00857.png,Phạm Bình,"200 Trần Hưng Đạo, Thủ Đức, Hà Nội"
00858.png,Hoàng Dương,"179 Phan Xích Long, Quận 3, Biên Hòa"
00859.png,Phan Thảo,"228 Nguyễn Trãi, Quận 5, TP.HCM"
00860.png,Nguyễn Hải,"251 Điện Biên Phủ, Quận 10, Đà Nẵng"
00861.png,Trần Bình,"66 Trần Hưng Đạo, Quận 10, TP.HCM"
00862.png,Bùi Hà,"257 Nguyễn Văn Linh, Thủ Đức, Đà Nẵng"
00863.png,Vũ Quang,"169 Võ Văn Tần, Quận 5, Hà Nội"
00864.png,Nguyễn Dương,"298 Điện Biên Phủ, Quận 1, Đà Nẵng"
00865.png,Đặng Khánh,"214 Võ Văn Tần, Quận 1, Đà Nẵng"
00866.png,Lê Chi,"276 Nguyễn Trãi, Thủ Đức, Biên Hòa"
00867.png,Hoàng Vy,"22 Nguyễn Văn Linh, Quận 5, TP.HCM"
00868.png,Đỗ Bình,"177 Phan Xích Long, Quận 10, Cần Thơ"
00869.png,Đỗ An,"49 Lê Lợi, Quận 7, Đà Nẵng"
00870.png,Đặng Hà,"169 Điện Biên Phủ, Quận 7, Đà Nẵng"
00871.png,Đỗ Phúc,"260 Nguyễn Văn Linh, Quận 7, TP.HCM"
00872.png,Hoàng Vy,"290 Cách Mạng Tháng 8, Quận 5, Đà Nẵng"
00873.png,Đặng Phúc,"254 Lê Lợi, Quận 5, Hà Nội"
00874.png,Phạm Vy,"164 Phan Xích Long, Quận 10, Cần Thơ"
00875.png,Nguyễn Bình,"199 Lê Lợi, Quận 10, Biên Hòa"
00876.png,Trần Hưng,"229 Nguyễn Văn Linh, Quận 1, Cần Thơ"
00877.png,Hoàng Nam,"33 Nguyễn Trãi, Quận 1, TP.HCM"
00878.png,Lê Thảo,"79 Nguyễn Trãi, Quận 3, Đà Nẵng"
00879.png,Bùi Sơn,"69 Nguyễn Trãi, Quận 1, Biên Hòa"
00880.png,Đặng Bình,"150 Phan Xích Long, Quận 7, Biên Hòa"
00881.png,Hoàng Chi,"44 Nguyễn Văn Linh, Thủ Đức, Hà Nội"
00882.png,Phan Sơn,"36 Hai Bà Trưng, Quận 5, Hà Nội"
00883.png,Trần Linh,"49 Hai Bà Trưng, Thủ Đức, Hà Nội"
00884.png,Vũ Phúc,"68 Lê Lợi, Quận 3, Cần Thơ"
00885.png,Vũ Hà,"238 Nguyễn Văn Linh, Thủ Đức, Đà Nẵng"
00886.png,Hoàng Sơn,"150 Cách Mạng Tháng 8, Quận 3, Cần Thơ"
00887.png,Đỗ Dương,"24 Trần Hưng Đạo, Quận 10, Hà Nội"
00888.png,Đỗ Hà,"66 Điện Biên Phủ, Quận 7, TP.HCM"
00889.png,Phan Minh,"194 Pasteur, Quận 1, Đà Nẵng"
00890.png,Đặng Hải,"108 Phan Xích Long, Quận 3, Biên Hòa"
00891.png,Đặng Chi,"55 Lê Lợi, Quận 1, Biên Hòa"
00892.png,Vũ Sơn,"227 Cách Mạng Tháng 8, Thủ Đức, Biên Hòa"
00893.png,Đặng Vy,"114 Trần Hưng Đạo, Quận 1, Biên Hòa"
00894.png,Bùi Dương,"70 Điện Biên Phủ, Quận 10, Cần Thơ"
00895.png,Phạm Bình,"287 Cách Mạng Tháng 8, Quận 5, TP.HCM"
00896.png,Bùi Nam,"269 Trần Hưng Đạo, Quận 3, Cần Thơ"
00897.png,Hoàng Phúc,"282 Lê Lợi, Quận 3, TP.HCM"
00898.png,Bùi Hưng,"249 Lê Lợi, Quận 5, Cần Thơ"
00899.png,Hoàng Bình,"164 Trần Hưng Đạo, Quận 10, TP.HCM"
00900.png,Đỗ Tuấn,"44 Phan Xích Long, Quận 5, Biên Hòa"
00901.png,Phan Trang,"103 Cách Mạng Tháng 8, Thủ Đức, Cần Thơ"
00902.png,Nguyễn Minh,"83 Nguyễn Văn Linh, Quận 10, Đà Nẵng"
00903.png,Hoàng An,"181 Võ Văn Tần, Quận 10, Đà Nẵng"
00904.png,Lê Bình,"299 Trần Hưng Đạo, Thủ Đức, Đà Nẵng"
00905.png,Lê Tuấn,"96 Lê Lợi, Quận 7, Cần Thơ"
00906.png,Đặng Dương,"168 Pasteur, Quận 5, Biên Hòa"
00907.png,Nguyễn An,"195 Phan Xích Long, Quận 1, TP.HCM"
00908.png,Bùi Hưng,"205 Nguyễn Văn Linh, Quận 7, Đà Nẵng"
00909.png,Lê Tuấn,"141 Nguyễn Văn Linh, Quận 10, TP.HCM"
00910.png,Bùi Dương,"236 Lê Lợi, Quận 3, Biên Hòa"
00911.png,Phạm Phúc,"226 Phan Xích Long, Quận 7, Biên Hòa"
00912.png,Phan An,"111 Võ Văn Tần, Quận 10, Cần Thơ"
00913.png,Phan Hà,"274 Cách Mạng Tháng 8, Quận 3, Hà Nội"
00914.png,Lê Chi,"185 Pasteur, Quận 3, TP.HCM"
00915.png,Đỗ Khánh,"164 Pasteur, Quận 10, Cần Thơ"
00916.png,Vũ Sơn,"283 Hai Bà Trưng, Quận 1, TP.HCM"
00917.png,Vũ Thảo,"46 Lê Lợi, Quận 5, Biên Hòa"
00918.png,Trần Khánh,"187 Pasteur, Quận 7, TP.HCM"
00919.png,Phan Phúc,"204 Phan Xích Long, Quận 5, Cần Thơ"
00920.png,Phạm Linh,"271 Nguyễn Trãi, Quận 5, Đà Nẵng"
00921.png,Đặng Thảo,"48 Trần Hưng Đạo, Thủ Đức, Biên Hòa"
00922.png,Phan Trang,"247 Trần Hưng Đạo, Thủ Đức, Cần Thơ"
00923.png,Lê Hải,"84 Điện Biên Phủ, Quận 5, Đà Nẵng"
00924.png,Phan Trang,"290 Pasteur, Quận 3, Cần Thơ"
00925.png,Hoàng Hải,"53 Nguyễn Trãi, Quận 1, TP.HCM"
00926.png,Hoàng Linh,"73 Cách Mạng Tháng 8, Thủ Đức, Biên Hòa"
00927.png,Phạm Nam,"90 Nguyễn Trãi, Quận 5, Đà Nẵng"
00928.png,Phạm Hưng,"123 Trần Hưng Đạo, Quận 5, TP.HCM"
00929.png,Bùi Hải,"50 Pasteur, Quận 5, Biên Hòa"
00930.png,Bùi Tuấn,"60 Nguyễn Trãi, Quận 1, Đà Nẵng"
00931.png,Đỗ Hưng,"273 Nguyễn Trãi, Quận 1, TP.HCM"
00932.png,Bùi Vy,"87 Điện Biên Phủ, Quận 7, Biên Hòa"
00933.png,Đỗ Chi,"89 Điện Biên Phủ, Quận 7, Cần Thơ"
00934.png,Đỗ Quang,"177 Lê Lợi, Quận 10, Hà Nội"
00935.png,Đỗ Quang,"195 Phan Xích Long, Quận 1, Hà Nội"
00936.png,Trần Dương,"68 Nguyễn Văn Linh, Quận 10, Đà Nẵng"
00937.png,Đặng Hưng,"72 Hai Bà Trưng, Quận 7, Biên Hòa"
00938.png,Trần Chi,"200 Nguyễn Văn Linh, Quận 5, Cần Thơ"
00939.png,Phan Hưng,"126 Trần Hưng Đạo, Quận 3, TP.HCM"
00940.png,Vũ Trang,"55 Lê Lợi, Quận 3, TP.HCM"
00941.png,Phan Thảo,"64 Pasteur, Quận 5, TP.HCM"
00942.png,Bùi An,"111 Trần Hưng Đạo, Quận 5, Cần Thơ"
00943.png,Vũ Chi,"31 Lê Lợi, Quận 1, Hà Nội"
00944.png,Bùi Thảo,"267 Nguyễn Văn Linh, Quận 7, Cần Thơ"
00945.png,Đỗ Thảo,"234 Trần Hưng Đạo, Quận 10, Hà Nội"
00946.png,Đặng Trang,"242 Điện Biên Phủ, Thủ Đức, Cần Thơ"
00947.png,Trần Vy,"255 Điện Biên Phủ, Quận 3, TP.HCM"
00948.png,Trần Dương,"70 Trần Hưng Đạo, Quận 1, TP.HCM"
00949.png,Trần An,"107 Nguyễn Văn Linh, Quận 3, Hà Nội"
00950.png,Vũ Phúc,"144 Hai Bà Trưng, Quận 5, Biên Hòa"
00951.png,Hoàng Hưng,"54 Nguyễn Văn Linh, Quận 10, Đà Nẵng"
00952.png,Phạm Linh,"81 Trần Hưng Đạo, Quận 1, Đà Nẵng"
00953.png,Nguyễn Trang,"165 Hai Bà Trưng, Quận 3, Hà Nội"
00954.png,Nguyễn Quang,"27 Pasteur, Quận 5, Cần Thơ"
00955.png,Phan Hải,"230 Nguyễn Văn Linh, Quận 1, TP.HCM"
00956.png,Bùi An,"175 Cách Mạng Tháng 8, Quận 1, Cần Thơ"
00957.png,Nguyễn Hải,"224 Cách Mạng Tháng 8, Quận 10, Đà Nẵng"
00958.png,Bùi Bình,"250 Phan Xích Long, Thủ Đức, Hà Nội"
00959.png,Hoàng Tuấn,"88 Lê Lợi, Quận 10, TP.HCM"
00960.png,Trần Trang,"276 Lê Lợi, Thủ Đức, Hà Nội"
00961.png,Lê Tuấn,"245 Hai Bà Trưng, Quận 5, Cần Thơ"
00962.png,Trần Bình,"109 Phan Xích Long, Quận 10, TP.HCM"
00963.png,Trần Trang,"155 Võ Văn Tần, Quận 10, Biên Hòa"
00964.png,Hoàng Hải,"129 Lê Lợi, Thủ Đức, Đà Nẵng"
00965.png,Hoàng Khánh,"248 Điện Biên Phủ, Quận 3, Biên Hòa"
00966.png,Lê Trang,"248 Phan Xích Long, Quận 1, Hà Nội"
00967.png,Vũ Vy,"20 Pasteur, Quận 7, Đà Nẵng"
00968.png,Bùi Thảo,"258 Lê Lợi, Thủ Đức, Đà Nẵng"
00969.png,Đỗ Bình,"270 Cách Mạng Tháng 8, Thủ Đức, Biên Hòa"
00970.png,Đỗ Quang,"283 Trần Hưng Đạo, Quận 7, Đà Nẵng"
00971.png,Nguyễn Vy,"243 Pasteur, Quận 10, TP.HCM"
00972.png,Đặng Vy,"133 Cách Mạng Tháng 8, Quận 10, Đà Nẵng"
00973.png,Đặng Dương,"45 Võ Văn Tần, Quận 7, TP.HCM"
00974.png,Đặng Hà,"25 Nguyễn Văn Linh, Quận 5, TP.HCM"
00975.png,Đỗ Dương,"272 Điện Biên Phủ, Quận 5, TP.HCM"
00976.png,Hoàng Tuấn,"123 Nguyễn Trãi, Quận 1, Biên Hòa"
00977.png,Phạm Quang,"293 Pasteur, Quận 5, TP.HCM"
00978.png,Phạm Phúc,"55 Nguyễn Văn Linh, Quận 3, Đà Nẵng"
00979.png,Đặng Khánh,"296 Nguyễn Trãi, Quận 10, Đà Nẵng"
00980.png,Đỗ Sơn,"90 Điện Biên Phủ, Quận 5, TP.HCM"
00981.png,Phan Tuấn,"253 Nguyễn Trãi, Quận 3, TP.HCM"
00982.png,Hoàng Sơn,"16 Phan Xích Long, Quận 10, Cần Thơ"
00983.png,Vũ Hưng,"277 Pasteur, Quận 1, Biên Hòa"
00984.png,Đỗ Quang,"150 Nguyễn Văn Linh, Thủ Đức, Biên Hòa"
00985.png,Phan An,"201 Điện Biên Phủ, Quận 7, Đà Nẵng"
00986.png,Hoàng Minh,"41 Điện Biên Phủ, Quận 3, TP.HCM"
00987.png,Bùi Thảo,"96 Điện Biên Phủ, Quận 1, TP.HCM"
00988.png,Phạm Nam,"222 Nguyễn Văn Linh, Quận 3, Biên Hòa"
00989.png,Đỗ Thảo,"46 Trần Hưng Đạo, Quận 7, TP.HCM"
00990.png,Trần Sơn,"29 Cách Mạng Tháng 8, Thủ Đức, TP.HCM"
00991.png,Đặng Hưng,"15 Nguyễn Trãi, Thủ Đức, Đà Nẵng"
00992.png,Nguyễn Hải,"289 Võ Văn Tần, Quận 5, TP.HCM"
00993.png,Phạm Khánh,"198 Trần Hưng Đạo, Thủ Đức, Cần Thơ"
00994.png,Đặng Hà,"189 Phan Xích Long, Thủ Đức, Hà Nội"
00995.png,Đặng Chi,"51 Pasteur, Thủ Đức, Hà Nội"
00996.png,Lê Hải,"63 Cách Mạng Tháng 8, Quận 10, Cần Thơ"
00997.png,Phan Dương,"230 Võ Văn Tần, Quận 10, Hà Nội"
00998.png,Hoàng An,"117 Nguyễn Văn Linh, Quận 7, Biên Hòa"
00999.png,Vũ Sơn,"101 Phan Xích Long, Quận 3, Biên Hòa"
01000.png,Trần Linh,"219 Võ Văn Tần, Quận 10, Hà Nội"
